YH65_00205,Sulfurovum_lithotrophicum_GCA_000987835.1
SUN_RS0020,Sulfurovum_sp._NBC37-1_GCF_000010345.1
NITSA_RS08,Nitratifractor_salsuginis_DSM_16511_GCF_000186245.1
ATR_RS0269,Arcobacter_trophiarum_LMG_25534_GCF_003355515.1
EI285_RS04,Arcobacter_skirrowii_GCF_003939045.1
ASKIR_RS04,Arcobacter_skirrowii_CCUG_10374_GCF_003544835.1
ACRYD_RS00,Arcobacter_cryaerophilus_D2610_GCF_003660085.1
ACRYA_RS00,Arcobacter_cryaerophilus_ATCC_43158_GCF_003660105.1
APORC_RS02,[Arcobacter]_porcinus_GCF_004299785.1
ATH_RS0236,Arcobacter_thereius_LMG_24486_GCF_004214815.1
FFA29_RS04,Arcobacter_butzleri_JV22_GCF_005886055.1
A7H1H_RS04,Arcobacter_butzleri_7h1h_GCF_000215345.2
CKV87_RS04,Arcobacter_butzleri_GCF_900187115.1
ABU_RS0421,Arcobacter_butzleri_RM4018_GCF_000014025.1
ABED_RS039,Arcobacter_butzleri_ED-1_GCF_000284355.1
APAC_RS086,Arcobacter_pacificus_GCF_004214795.1
ARNIT_RS01,Arcobacter_nitrofigilis_DSM_7299_GCF_000092245.1
AMOL_RS007,Arcobacter_molluscorum_LMG_25693_GCF_003544935.1
AMRN_RS008,Arcobacter_marinus_GCF_003544855.1
AHALO_RS00,Arcobacter_halophilus_GCF_003346755.1
ASUIS_RS08,Arcobacter_suis_CECT_7833_GCF_003544815.1
ABLL_RS054,Arcobacter_sp._L_GCF_000284235.1
AELL_RS048,Arcobacter_ellisii_GCF_003544915.1
D3Z07_RS00,Arcobacter_sp._PSE-93_GCF_003711085.1
LPB137_RS0,Arcobacter_sp._LPB0137_GCF_001956695.1
AMYT_RS008,Arcobacter_mytili_LMG_24559_GCF_003346775.1
ABIV_RS017,Arcobacter_bivalviorum_GCF_003346815.1
Sdiek1_RS1,Sulfurospirillum_sp._SL2-1_GCF_002162315.1
Sdiek2_RS1,Sulfurospirillum_sp._SL2-2_GCF_002205395.1
SJPD1_RS10,Sulfurospirillum_sp._JPD-1_GCF_002309535.1
UCH001_RS0,Sulfurospirillum_sp._UCH001_GCF_001548035.1
SMUL_RS116,Sulfurospirillum_multivorans_DSM_12446_GCF_000568815.1
SHALO_RS10,Sulfurospirillum_halorespirans_DSM_13726_GCF_001723605.1
SULBA_RS08,Sulfurospirillum_barnesii_SES-3_GCF_000265295.1
SDEL_RS084,Sulfurospirillum_deleyianum_DSM_6946_GCF_000024885.1
UCH003_RS0,Sulfurospirillum_cavolei_GCF_001548055.1
CUREO_RS02,Campylobacter_ureolyticus_RIGS_9880_GCF_001190755.1
CFTSP3_RS0,Campylobacter_fetus_subsp._testudinum_Sp3_GCF_001484645.1
C6B32_RS00,Campylobacter_fetus_subsp._testudinum_GCF_002973655.1
CR44_RS007,Campylobacter_fetus_subsp._testudinum_GCF_000814265.1
CFF8240_RS,Campylobacter_fetus_subsp._fetus_82-40_GCF_000015085.1
CFV354_RS0,Campylobacter_fetus_subsp._venerealis_NCTC_10354_GCF_000222425.1
CFF04554_R,Campylobacter_fetus_subsp._fetus_04/554_GCF_000759485.1
DQN38_RS00,Campylobacter_fetus_subsp._fetus_GCF_900475935.1
CFV97608_R,Campylobacter_fetus_subsp._venerealis_97/608_GCF_000759515.1
CSG_RS0077,Campylobacter_fetus_subsp._venerealis_str._84-112_GCF_000967135.1
CFVI03293_,Campylobacter_fetus_subsp._venerealis_cfvi03/293_GCF_000512745.2
CFVI01165_,Campylobacter_fetus_subsp._venerealis_GCF_001686885.1
CHH_RS0078,Campylobacter_hyointestinalis_subsp._hyointestinalis_LMG_9260_GCF_001643955.1
FFA43_RS00,Campylobacter_hyointestinalis_subsp._hyointestinalis_GCF_005844045.1
CIG11343_R,Campylobacter_iguaniorum_GCF_001643995.1
CIG2463D_R,Campylobacter_iguaniorum_GCF_001483985.1
CIG1485E_R,Campylobacter_iguaniorum_GCF_000736415.1
CLAN_RS016,Campylobacter_lanienae_NCTC_13004_GCF_002139935.1
CIGN_RS004,Campylobacter_sp._NCTC_13003_GCF_002139915.1
CVIC8964_R,Campylobacter_sp._RM8964_GCF_002139895.1
CVIC12175_,Campylobacter_sp._RM12175_GCF_002139875.1
CSUIS_RS01,Campylobacter_sp._RM6137_GCF_002139855.1
CHL_RS0595,Campylobacter_hyointestinalis_subsp._lawsonii_GCF_001643975.1
EL158_RS00,Campylobacter_upsaliensis_GCF_900637395.1
CAV_RS0687,Campylobacter_avium_LMG_24591_GCF_002238335.1
A0073_RS00,Campylobacter_helveticus_GCF_004345065.1
CHELV3228_,Campylobacter_helveticus_GCF_002080395.1
CCUN_RS026,Campylobacter_cuniculorum_DSM_23162_=_LMG_24588_GCF_002104335.1
YSQ_RS0014,Campylobacter_coli_RM1875_GCF_000583755.1
EL235_RS02,Campylobacter_lari_GCF_900638335.1
UPTC3659_R,Campylobacter_lari_NCTC_11845_GCF_000816365.1
CSUB8523_R,Campylobacter_subantarcticus_LMG_24377_GCF_000816305.1
CD56_RS022,Campylobacter_lari_GCF_001017575.1
UPTC16701_,Campylobacter_lari_RM16701_GCF_000816405.1
UPTC16712_,Campylobacter_lari_RM16712_GCF_000816425.1
CONCH_RS02,Campylobacter_lari_subsp._concheus_LMG_11760_GCF_000816225.1
UPTC4110_R,Campylobacter_lari_CCUG_22395_GCF_000816385.2
A2J15_RS00,Campylobacter_hepaticus_GCF_001687475.2
A9460_RS00,Campylobacter_volucris_GCF_004345045.1
CVOL_RS022,Campylobacter_volucris_LMG_24379_GCF_000816345.1
CLA_RS0229,Campylobacter_lari_RM2100_GCF_000019205.1
CPEL_RS023,Campylobacter_peloridis_LMG_23910_GCF_000816785.1
CAQ16704_R,Campylobacter_sp._RM16704_GCF_000816245.1
CSUB8521_R,Campylobacter_subantarcticus_LMG_24374_GCF_000816265.1
EL283_RS00,Campylobacter_insulaenigrae_GCF_900638675.1
EL187_RS02,Campylobacter_insulaenigrae_GCF_900637885.1
CINS_RS021,Campylobacter_insulaenigrae_NCTC_12927_GCF_000816185.1
BN865_RS00,Campylobacter_coli_76339_GCF_000470055.1
BLD43_RS06,Campylobacter_coli_GCF_001865535.1
BLD35_RS00,Campylobacter_coli_GCF_001865455.1
CC14983A_R,Campylobacter_coli_GCF_001717605.1
A6K30_RS00,Campylobacter_coli_GCF_001639125.1
AEI20_RS03,Campylobacter_jejuni_GCF_003368185.1
C9J81_RS01,Campylobacter_coli_GCF_003030205.1
BLD42_RS00,Campylobacter_jejuni_GCF_001865415.1
AB430_RS01,Campylobacter_coli_GCF_001305715.1
EL222_RS00,Campylobacter_jejuni_GCF_900638195.1
AEI17_RS04,Campylobacter_jejuni_GCF_003368165.1
EL229_RS00,Campylobacter_jejuni_subsp._jejuni_GCF_900638235.1
YSS_RS0014,Campylobacter_coli_RM4661_GCF_000583775.1
C9J79_RS02,Campylobacter_jejuni_GCF_003030185.1
A17_RS0015,Campylobacter_jejuni_subsp._jejuni_GCF_003971585.1
FORC83_RS0,Campylobacter_jejuni_GCF_004328905.1
D3Z18_RS01,Campylobacter_jejuni_subsp._jejuni_GCF_003574945.1
EJJ14_RS00,Campylobacter_jejuni_subsp._jejuni_GCF_003950275.1
D6I99_RS00,Campylobacter_jejuni_GCF_004924295.1
AEI23_RS03,Campylobacter_jejuni_GCF_003368225.1
FD987_RS00,Campylobacter_coli_GCF_005517455.1
H730_RS001,Campylobacter_jejuni_subsp._jejuni_R14_GCF_000632435.1
BU815_RS00,Campylobacter_coli_GCF_001936355.1
BLD36_RS00,Campylobacter_coli_GCF_001865555.1
BLD34_RS03,Campylobacter_jejuni_GCF_001865435.1
CPG33_RS01,Campylobacter_jejuni_GCF_002407125.1
BLD37_RS00,Campylobacter_coli_GCF_001865475.1
CJM129_RS0,Campylobacter_jejuni_subsp._jejuni_M129_GCF_001865595.1
CJ8421_RS0,Campylobacter_jejuni_subsp._jejuni_CG8421_GCF_000171795.2
VC76_RS001,Campylobacter_coli_GCF_000954195.1
CRM97_RS01,Campylobacter_jejuni_GCF_002587225.1
CPG34_RS00,Campylobacter_coli_GCF_002407145.1
AXW77_RS00,Campylobacter_jejuni_GCF_001563565.1
B4W62_RS00,Campylobacter_coli_GCF_002024185.1
N149_RS001,Campylobacter_coli_15-537360_GCF_000494775.1
CJE_RS0014,Campylobacter_jejuni_RM1221_GCF_000011865.1
ASB61_RS00,Campylobacter_jejuni_GCF_001432345.1
G157_RS001,Campylobacter_coli_CVM_N29710_GCF_000465235.1
MTVDSCj13_,Campylobacter_jejuni_subsp._jejuni_GCF_001721965.1
CJS3_RS001,Campylobacter_jejuni_subsp._jejuni_S3_GCF_000184205.1
AR446_RS04,Campylobacter_coli_GCF_001417635.1
A6J93_RS00,Campylobacter_jejuni_subsp._jejuni_GCF_002209045.1
BLD40_RS00,Campylobacter_jejuni_GCF_001870105.1
MTVDSCj16_,Campylobacter_jejuni_subsp._jejuni_GCF_001721985.1
YSU_RS0015,Campylobacter_coli_RM5611_GCF_000583795.1
AR448_RS00,Campylobacter_coli_GCF_001417655.1
AR449_RS00,Campylobacter_coli_GCF_001417615.1
AD53_RS001,Campylobacter_jejuni_GCF_001951235.1
BLD41_RS02,Campylobacter_jejuni_GCF_001870085.1
BLD33_RS05,Campylobacter_coli_GCF_001865515.1
CJH_RS0015,Campylobacter_jejuni_subsp._jejuni_F38011_GCF_000772225.1
CJ14980A_R,Campylobacter_jejuni_subsp._jejuni_GCF_001717625.1
CXQ83_RS00,Campylobacter_coli_GCF_002843985.1
EL232_RS01,Campylobacter_jejuni_GCF_900638185.1
CCO2228_RS,Campylobacter_coli_GCF_004307315.1
BLD39_RS00,Campylobacter_coli_GCF_001865495.1
A911_RS001,Campylobacter_jejuni_subsp._jejuni_PT14_GCF_000302555.5
CJD42_RS00,Campylobacter_jejuni_subsp._jejuni_D42a_GCF_001865615.1
CJ12664_RS,Campylobacter_jejuni_GCF_003060785.1
CJ12567_RS,Campylobacter_jejuni_GCF_003060725.1
CJ12660_RS,Campylobacter_jejuni_GCF_003060745.1
QZ67_RS001,Campylobacter_jejuni_subsp._jejuni_GCF_000807355.1
A0W69_RS01,Campylobacter_jejuni_GCF_001587035.1
BD30_RS001,Campylobacter_jejuni_GCF_001951295.1
MTVDSCj07_,Campylobacter_jejuni_subsp._jejuni_GCF_001721945.1
BD33_RS001,Campylobacter_jejuni_GCF_001951335.1
PJ18_RS001,Campylobacter_jejuni_subsp._jejuni_GCF_000835305.1
N564_RS001,Campylobacter_jejuni_subsp._jejuni_00-2426_GCF_000466105.2
AOD58_RS00,Campylobacter_jejuni_GCF_001314285.1
N755_RS001,Campylobacter_jejuni_subsp._jejuni_00-2544_GCF_000466075.2
N565_RS001,Campylobacter_jejuni_subsp._jejuni_00-2538_GCF_000466065.2
N135_RS001,Campylobacter_jejuni_subsp._jejuni_00-2425_GCF_000468915.2
CRM98_RS01,Campylobacter_jejuni_GCF_002587105.1
A0W68_RS00,Campylobacter_jejuni_GCF_001587015.1
BD32_RS001,Campylobacter_jejuni_GCF_001951315.1
A6J91_RS04,Campylobacter_jejuni_subsp._jejuni_GCF_002209025.1
Cjr01,Campylobacter_jejuni_subsp._jejuni_NCTC_11168_=_ATCC_700819_GCF_000009085.1
DQM41_RS00,Campylobacter_jejuni_subsp._jejuni_GCF_900475265.1
EL243_RS00,Campylobacter_jejuni_subsp._jejuni_GCF_900638365.1
CGZ68_RS00,Campylobacter_jejuni_GCF_002238375.1
N918_RS001,Campylobacter_jejuni_subsp._jejuni_NCTC_11168-mfK12E5_GCF_000830845.1
N919_RS001,Campylobacter_jejuni_subsp._jejuni_NCTC_11168-Kf1_GCF_000830805.1
BN148_RS00,Campylobacter_jejuni_subsp._jejuni_NCTC_11168-BN148_GCF_000304375.1
N920_RS001,Campylobacter_jejuni_subsp._jejuni_NCTC_11168-K12E5_GCF_000830775.1
N837_RS001,Campylobacter_jejuni_subsp._jejuni_NCTC_11168-GSv_GCF_000830865.1
N917_RS001,Campylobacter_jejuni_subsp._jejuni_NCTC_11168-mcK12E5_GCF_000830825.1
CGZ70_RS00,Campylobacter_jejuni_GCF_002224325.1
B5D75_RS00,Campylobacter_jejuni_subsp._jejuni_GCF_002028305.1
CJ12661_RS,Campylobacter_jejuni_GCF_003060765.1
B2K12_RS00,Campylobacter_jejuni_GCF_002024325.1
UC78_RS001,Campylobacter_jejuni_subsp._jejuni_GCF_000934305.1
A6J94_RS03,Campylobacter_jejuni_subsp._jejuni_GCF_002209065.1
EL238_RS00,Campylobacter_jejuni_GCF_900638285.1
EL236_RS00,Campylobacter_jejuni_GCF_900638225.1
AEI01_RS01,Campylobacter_jejuni_GCF_003368085.1
AEI26_RS03,Campylobacter_jejuni_GCF_003368105.1
AEI02_RS00,Campylobacter_jejuni_GCF_003368045.1
C8J_RS0014,Campylobacter_jejuni_subsp._jejuni_81116_GCF_000017905.1
CFK74_RS00,Campylobacter_jejuni_GCF_002234455.1
MTVDSCJ20_,Campylobacter_jejuni_subsp._jejuni_GCF_000737085.1
CJM1cam_RS,Campylobacter_jejuni_GCF_001412295.1
CJM1_RS001,Campylobacter_jejuni_subsp._jejuni_M1_GCF_000148705.1
C1336_RS08,Campylobacter_jejuni_subsp._jejuni_1336_GCF_000163975.1
EL227_RS00,Campylobacter_jejuni_GCF_900638205.1
EL221_RS00,Campylobacter_jejuni_GCF_900638175.1
CGZ84_RS00,Campylobacter_jejuni_GCF_002238355.1
CJJ81176_R,Campylobacter_jejuni_subsp._jejuni_81-176_GCF_000015525.1
CGZ78_RS00,Campylobacter_jejuni_GCF_002224385.1
CJJRM1285_,Campylobacter_jejuni_subsp._jejuni_GCF_001686905.1
CJJRM3420_,Campylobacter_jejuni_subsp._jejuni_str._RM3420_GCF_001767215.1
CjjRM3197_,Campylobacter_jejuni_subsp._jejuni_GCF_001299565.1
FORC46_RS0,Campylobacter_jejuni_GCF_002214785.1
B0D73_RS00,Campylobacter_jejuni_GCF_002101355.1
CjjRM3196_,Campylobacter_jejuni_subsp._jejuni_GCF_001299595.1
AEI08_RS08,Campylobacter_jejuni_GCF_003368125.1
AEI10_RS03,Campylobacter_jejuni_GCF_003368065.1
BD28_RS001,Campylobacter_jejuni_GCF_001951255.1
BN867_RS00,Campylobacter_jejuni_4031_GCF_000493495.1
BD29_RS001,Campylobacter_jejuni_GCF_001951275.1
AEI15_RS08,Campylobacter_jejuni_GCF_003368145.1
BLD38_RS00,Campylobacter_jejuni_GCF_001865395.1
A6J90_RS01,Campylobacter_jejuni_subsp._jejuni_GCF_002209005.1
B1780_RS00,Campylobacter_jejuni_subsp._jejuni_GCF_003999645.1
AT682_RS00,Campylobacter_jejuni_GCF_001457695.1
JJD26997_R,Campylobacter_jejuni_subsp._doylei_269.97_GCF_000017485.1
DQL24_RS00,Campylobacter_jejuni_subsp._doylei_GCF_900474415.1
CEP74_RS01,Campylobacter_jejuni_subsp._doylei_GCF_002983725.1
RC23_RS085,Campylobacter_jejuni_GCF_001507245.1
PJ19_RS001,Campylobacter_jejuni_subsp._jejuni_GCF_000835345.1
RC13_RS000,Campylobacter_jejuni_GCF_001506565.1
HK74_RS045,Campylobacter_jejuni_32488_GCF_000430385.1
RC17_RS088,Campylobacter_jejuni_GCF_001506265.1
PJ17_RS001,Campylobacter_jejuni_subsp._jejuni_GCF_000835285.1
RC20_RS082,Campylobacter_jejuni_GCF_001507225.1
RC26_RS000,Campylobacter_jejuni_GCF_001506705.1
RC07_RS018,Campylobacter_jejuni_GCF_001506745.1
RC33_RS030,Campylobacter_jejuni_GCF_001506805.1
RC18_RS085,Campylobacter_jejuni_GCF_001506825.1
RC28_RS016,Campylobacter_jejuni_GCF_001507045.1
RC40_RS083,Campylobacter_jejuni_GCF_001506225.1
RC21_RS034,Campylobacter_jejuni_GCF_001506445.1
RC25_RS034,Campylobacter_jejuni_GCF_001506185.1
RC00_RS022,Campylobacter_jejuni_GCF_001506385.1
RB96_02165,Campylobacter_jejuni_GCA_001506325.1
RC41_RS002,Campylobacter_jejuni_GCF_001506425.1
RC32_RS034,Campylobacter_jejuni_GCF_001506305.1
RC06_RS087,Campylobacter_jejuni_GCF_001506345.1
RC09_RS043,Campylobacter_jejuni_GCF_001506405.1
RB97_RS034,Campylobacter_jejuni_GCF_001507265.1
RC36_RS086,Campylobacter_jejuni_GCF_001506465.1
RC12_RS085,Campylobacter_jejuni_GCF_001506985.1
RC04_RS000,Campylobacter_jejuni_GCF_001506605.1
RC46_RS082,Campylobacter_jejuni_GCF_001506865.1
QY02_RS021,Campylobacter_jejuni_GCF_001506205.1
RC16_RS024,Campylobacter_jejuni_GCF_001507145.1
RC34_RS054,Campylobacter_jejuni_GCF_001506665.1
RB95_RS085,Campylobacter_jejuni_GCF_001507085.1
RC37_RS020,Campylobacter_jejuni_GCF_001506525.1
RC01_RS030,Campylobacter_jejuni_GCF_001507125.1
RB98_RS085,Campylobacter_jejuni_GCF_001507005.1
RC29_RS022,Campylobacter_jejuni_GCF_001506845.1
RC02_RS022,Campylobacter_jejuni_GCF_001507185.1
RC05_RS082,Campylobacter_jejuni_GCF_001507205.1
RC31_RS033,Campylobacter_jejuni_GCF_001507165.1
RC30_RS024,Campylobacter_jejuni_GCF_001506365.1
RC43_RS035,Campylobacter_jejuni_GCF_001506625.1
RC24_RS082,Campylobacter_jejuni_GCF_001507025.1
RC39_RS010,Campylobacter_jejuni_GCF_001506945.1
RC03_RS022,Campylobacter_jejuni_GCF_001506585.1
RC44_RS089,Campylobacter_jejuni_GCF_001506685.1
RB99_RS043,Campylobacter_jejuni_GCF_001506725.1
RC42_RS037,Campylobacter_jejuni_GCF_001506245.1
RC27_RS082,Campylobacter_jejuni_GCF_001506285.1
EL228_RS00,Campylobacter_jejuni_GCF_900638165.1
AEI22_RS03,Campylobacter_jejuni_GCF_003368205.1
AEI21_RS08,Campylobacter_jejuni_GCF_003368245.1
RC10_RS000,Campylobacter_jejuni_GCF_001506965.1
RC15_RS000,Campylobacter_jejuni_GCF_001506545.1
RC45_RS022,Campylobacter_jejuni_GCF_001506925.1
RC48_RS023,Campylobacter_jejuni_GCF_001506645.1
RC19_RS023,Campylobacter_jejuni_GCF_001506765.1
PJ16_RS001,Campylobacter_jejuni_subsp._jejuni_GCF_000835365.1
RC35_RS085,Campylobacter_jejuni_GCF_001506505.1
RC22_RS021,Campylobacter_jejuni_GCF_001507065.1
RC47_RS085,Campylobacter_jejuni_GCF_001507105.1
CJSA_RS001,Campylobacter_jejuni_subsp._jejuni_IA3902_GCF_000025425.1
RC08_RS085,Campylobacter_jejuni_GCF_001506885.1
RC38_RS018,Campylobacter_jejuni_GCF_001506485.1
RC14_RS043,Campylobacter_jejuni_GCF_001506905.1
RC11_RS085,Campylobacter_jejuni_GCF_001506785.1
CCV52592_R,Campylobacter_curvus_525.92_GCF_000017465.2
E4V70_RS06,Campylobacter_showae_GCF_900699785.1
CPIN18020_,Campylobacter_pinnipediorum_subsp._caledonicus_GCF_002021985.1
CPIN18021_,Campylobacter_pinnipediorum_subsp._caledonicus_GCF_002022005.1
CPIN17261_,Campylobacter_pinnipediorum_subsp._pinnipediorum_GCF_002021945.1
CPIN17262_,Campylobacter_pinnipediorum_subsp._pinnipediorum_GCF_002021965.1
CPIN17260_,Campylobacter_pinnipediorum_subsp._pinnipediorum_GCF_002021925.1
CCC13826_R,Campylobacter_concisus_13826_GCF_000017725.2
CCS77_RS03,Campylobacter_concisus_GCF_003048375.1
CCON33237_,Campylobacter_concisus_GCF_001298465.1
CSF_RS0302,Campylobacter_sputorum_bv._faecalis_CCUG_20703_GCF_002220735.1
CSPUT_RS02,Campylobacter_sputorum_bv._sputorum_RM3237_GCF_002220795.1
CSPARA_RS0,Campylobacter_sputorum_bv._paraureolyticus_LMG_11764_GCF_002220755.1
CSPB_RS029,Campylobacter_sputorum_GCF_002220775.1
CGRAC_RS02,Campylobacter_gracilis_GCF_001190745.1
CHAB381_RS,Campylobacter_hominis_ATCC_BAA-381_GCF_000017585.1
SE88_RS058,Helicobacter_pylori_GCF_000827025.1
HP1CH_RS05,Helicobacter_pylori_26695-1CH_GCF_000829135.1
C2841_RS05,Helicobacter_pylori_GCF_002906495.1
C2842_RS05,Helicobacter_pylori_GCF_002906555.1
C2840_RS05,Helicobacter_pylori_GCF_002906535.1
C2843_RS05,Helicobacter_pylori_GCF_002906515.1
C2844_RS05,Helicobacter_pylori_GCF_002953555.1
HPr04,Helicobacter_pylori_26695_GCF_000008525.1
HP1CL_RS05,Helicobacter_pylori_26695-1CL_GCF_000829115.1
C730_RS058,Helicobacter_pylori_Rif2_GCF_000307835.1
C695_RS058,Helicobacter_pylori_Rif1_GCF_000307815.1
C694_RS058,Helicobacter_pylori_26695_GCF_000307795.1
SE87_RS058,Helicobacter_pylori_26695-1_GCF_000826985.1
HP1WT_RS05,Helicobacter_pylori_26695-1_GCF_000829095.1
EG64_RS052,Helicobacter_pylori_GCF_000685745.1
EG63_RS052,Helicobacter_pylori_GCF_000685665.1
HPSNT_RS05,Helicobacter_pylori_SNT49_GCF_000224575.1
AA974_RS07,Helicobacter_pylori_GCF_001653475.1
AA973_RS07,Helicobacter_pylori_GCF_001653435.1
CEP77_RS04,Helicobacter_pylori_GCF_003050665.1
DQL14_RS03,Helicobacter_pylori_NCTC_11637_=_CCUG_17874_=_ATCC_43504_GCF_900478295.1
HPPMSS1_RS,Helicobacter_pylori_GCF_004295525.1
EAL91_RS02,Helicobacter_pylori_GCF_003636855.2
OA23_RS056,Helicobacter_pylori_GCF_001433495.1
HPAG1_RS05,Helicobacter_pylori_HPAG1_GCF_000013245.1
HPP12_RS05,Helicobacter_pylori_P12_GCF_000021465.1
EG66_RS010,Helicobacter_pylori_GCF_000685705.1
AA976_RS05,Helicobacter_pylori_GCF_001653415.1
D8X56_RS05,Helicobacter_pylori_GCF_003939085.1
BXP23_RS00,Helicobacter_pylori_GCF_002952595.1
BXP12_RS00,Helicobacter_pylori_GCF_002952175.1
BXP01_RS00,Helicobacter_pylori_GCF_002951975.1
BXP17_RS00,Helicobacter_pylori_GCF_002952195.1
BXP14_RS00,Helicobacter_pylori_GCF_002952435.1
BXP09_RS00,Helicobacter_pylori_GCF_002952355.1
BXP13_RS00,Helicobacter_pylori_GCF_002952415.1
BXP21_RS00,Helicobacter_pylori_GCF_002952675.1
BXP11_RS00,Helicobacter_pylori_GCF_002952395.1
BXP15_RS00,Helicobacter_pylori_GCF_002952455.1
BXP16_RS00,Helicobacter_pylori_GCF_002952475.1
BXP22_RS00,Helicobacter_pylori_GCF_002952655.1
BXP18_RS00,Helicobacter_pylori_GCF_002952275.1
BXP05_RS00,Helicobacter_pylori_GCF_002952615.1
BXP03_RS00,Helicobacter_pylori_GCF_002952635.1
BXP19_RS00,Helicobacter_pylori_GCF_002952255.1
BXP02_RS00,Helicobacter_pylori_GCF_002952575.1
BXP20_RS00,Helicobacter_pylori_GCF_002952235.1
BXP06_RS00,Helicobacter_pylori_GCF_002952535.1
BXP04_RS00,Helicobacter_pylori_GCF_002952555.1
CNX73_RS00,Helicobacter_pylori_GCF_002952495.1
BXP07_RS00,Helicobacter_pylori_GCF_002952515.1
HPB8_RS004,Helicobacter_pylori_B8_GCF_000196755.1
EG65_RS058,Helicobacter_pylori_J166_GCF_000685625.1
HPSJM_RS05,Helicobacter_pylori_SJM180_GCF_000148855.1
HPATCC4350,Helicobacter_pylori_GCF_004295545.1
HPYLSS1_RS,Helicobacter_pylori_SS1_GCF_002005525.1
HPYLPMSS1_,Helicobacter_pylori_PMSS1_GCF_001991095.1
HPOKI112_R,Helicobacter_pylori_oki112_GCF_000600085.1
HPOKI422_R,Helicobacter_pylori_oki422_GCF_000600165.1
HPOKI898_R,Helicobacter_pylori_oki898_GCF_000600225.1
HELPY_RS05,Helicobacter_pylori_B38_GCF_000091345.1
K750_RS051,Helicobacter_pylori_UM037_GCF_000392515.3
HPOKI102_R,Helicobacter_pylori_oki102_GCF_000600045.1
HPLT_RS055,Helicobacter_pylori_Lithuania75_GCF_000185225.1
APV63_RS05,Helicobacter_pylori_GCF_001433515.1
HPB14_RS05,Helicobacter_pylori_HUP-B14_GCF_000259235.1
AXW69_RS01,Helicobacter_pylori_GCF_001549715.1
CPY76_RS05,Helicobacter_pylori_GCF_002357675.1
CPY72_RS05,Helicobacter_pylori_GCF_002357775.1
HPOKI673_R,Helicobacter_pylori_oki673_GCF_000600185.1
HPOKI154_R,Helicobacter_pylori_oki154_GCF_000600145.1
EL264_RS06,Helicobacter_pylori_GCF_900638505.1
HPOK113_RS,Helicobacter_pylori_OK113_GCF_000348865.1
K751_RS060,Helicobacter_pylori_UM066_GCF_000392535.3
CPY88_RS05,Helicobacter_pylori_GCF_002357415.1
CPY68_RS05,Helicobacter_pylori_GCF_002357635.1
HPOKI128_R,Helicobacter_pylori_oki128_GCF_000600125.1
HPV225_RS0,Helicobacter_pylori_v225d_GCF_000093185.1
HPSH_RS055,Helicobacter_pylori_Shi470_GCF_000020245.1
HPCU_RS056,Helicobacter_pylori_Cuz20_GCF_000148895.1
HPPN135_RS,Helicobacter_pylori_Puno135_GCF_000224555.1
HPSH417_RS,Helicobacter_pylori_Shi417_GCF_000277365.1
HPOKI828_R,Helicobacter_pylori_oki828_GCF_000600205.1
HPPN120_RS,Helicobacter_pylori_Puno120_GCF_000224535.1
CPY90_RS05,Helicobacter_pylori_GCF_002357395.1
CPY83_RS05,Helicobacter_pylori_GCF_002357715.1
COO52_RS05,Helicobacter_pylori_GCF_002356595.1
CPY78_RS05,Helicobacter_pylori_GCF_002357795.1
C1I82_RS05,Helicobacter_pylori_GCF_003711165.1
U063_RS010,Helicobacter_pylori_BM012A_GCF_000498315.1
U064_RS010,Helicobacter_pylori_BM012S_GCF_000498335.1
CPY81_RS00,Helicobacter_pylori_GCF_002357575.1
HPG27_RS05,Helicobacter_pylori_G27_GCF_000021165.1
HPIN_RS054,Helicobacter_pylori_India7_GCF_000185185.1
CPY71_RS05,Helicobacter_pylori_GCF_002357315.1
CPY74_RS05,Helicobacter_pylori_GCF_002357615.1
CPY85_RS05,Helicobacter_pylori_GCF_002357555.1
EM806_RS00,Helicobacter_pylori_GCF_004088075.1
CPY87_RS05,Helicobacter_pylori_GCF_002357655.1
CPY82_RS05,Helicobacter_pylori_GCF_002357435.1
HMPREF0462,Helicobacter_pylori_83_GCF_000213135.1
HPOK310_RS,Helicobacter_pylori_OK310_GCF_000348885.1
CPY91_RS05,Helicobacter_pylori_GCF_002357735.1
CPY75_RS05,Helicobacter_pylori_GCF_002357855.1
CPY92_RS05,Helicobacter_pylori_GCF_002357375.1
DZC36_RS06,Helicobacter_pylori_GCF_003640585.1
HPF32_RS05,Helicobacter_pylori_F32_GCF_000270045.1
EM803_RS00,Helicobacter_pylori_GCF_004088155.1
AA971_RS07,Helicobacter_pylori_GCF_001653375.1
CYK58_RS00,Helicobacter_pylori_GCF_003957395.1
CPY67_RS00,Helicobacter_pylori_GCF_002357595.1
CPY95_RS05,Helicobacter_pylori_GCF_002357535.1
HPKB_RS054,Helicobacter_pylori_52_GCF_000023805.1
K749_RS037,Helicobacter_pylori_UM299_GCF_000392475.3
K748_RS037,Helicobacter_pylori_UM298_GCF_000439295.2
K747_RS037,Helicobacter_pylori_UM032_GCF_000392455.3
EHU52_RS00,Helicobacter_pylori_GCF_003855475.1
EE66_RS010,Helicobacter_pylori_GCF_001653395.1
CPY86_RS05,Helicobacter_pylori_GCF_002357335.1
CPY77_RS05,Helicobacter_pylori_GCF_002357355.1
OI67_RS068,Helicobacter_pylori_GCF_000817025.1
HPF57_RS05,Helicobacter_pylori_F57_GCF_000270065.1
CPY70_RS05,Helicobacter_pylori_GCF_002357495.1
HPAKL86_RS,Helicobacter_pylori_Aklavik86_GCF_000317875.1
HPPC_RS053,Helicobacter_pylori_PeCan4_GCF_000148875.1
HPSAT_RS05,Helicobacter_pylori_Sat464_GCF_000148915.1
HPSH169_RS,Helicobacter_pylori_Shi169_GCF_000277385.1
HPSH112_RS,Helicobacter_pylori_Shi112_GCF_000277405.1
CPY94_RS05,Helicobacter_pylori_GCF_002357815.1
CPY79_RS05,Helicobacter_pylori_GCF_002357475.1
HPF16_RS05,Helicobacter_pylori_F16_GCF_000270005.1
CPY84_RS05,Helicobacter_pylori_GCF_002357695.1
CPY80_RS00,Helicobacter_pylori_GCF_002357455.1
CPY69_RS00,Helicobacter_pylori_GCF_002357755.1
CPY93_RS00,Helicobacter_pylori_GCF_002357515.1
CGC32_RS00,Helicobacter_pylori_GCF_002222575.1
HMPREF4655,Helicobacter_pylori_35A_GCF_000178935.2
CPY73_RS05,Helicobacter_pylori_GCF_002357835.1
KHP_RS0552,Helicobacter_pylori_51_GCF_000011725.1
HPF30_RS01,Helicobacter_pylori_F30_GCF_000270025.1
HPML_RS011,Helicobacter_pylori_GCF_001549875.1
HPAKL117_R,Helicobacter_pylori_Aklavik117_GCF_000315955.1
JHP_RS0558,Helicobacter_pylori_J99_GCF_000008785.1
CEP79_RS01,Helicobacter_pylori_GCF_002983705.1
CS897_RS05,Helicobacter_pylori_GCF_900120135.1
CS886_RS05,Helicobacter_pylori_GCF_900120275.1
CS896_RS05,Helicobacter_pylori_GCF_900119955.1
YH61_RS057,Helicobacter_pylori_J99_GCF_000982695.1
BCM300_RS0,Helicobacter_pylori_GCF_900149805.1
CS894_RS05,Helicobacter_pylori_GCF_900120255.1
CS889_RS05,Helicobacter_pylori_GCF_900120335.1
CS887_RS05,Helicobacter_pylori_GCF_900119995.1
CS885_RS02,Helicobacter_pylori_GCF_900176185.1
CS888_RS05,Helicobacter_pylori_GCF_900120225.1
CS893_RS05,Helicobacter_pylori_GCF_900120055.1
CS883_RS05,Helicobacter_pylori_GCF_900120185.1
CS892_RS05,Helicobacter_pylori_GCF_900120315.1
CS890_RS05,Helicobacter_pylori_GCF_900120205.1
HP2018_RS0,Helicobacter_pylori_2018_GCF_000192335.1
NY40_RS006,Helicobacter_pylori_NY40_GCF_000828955.1
HP908_RS05,Helicobacter_pylori_908_GCF_000148665.1
HP2017_RS0,Helicobacter_pylori_2017_GCF_000192315.1
HPELS_RS05,Helicobacter_pylori_ELS37_GCF_000255955.1
HPGAM_RS05,Helicobacter_pylori_Gambia94/24_GCF_000185205.1
HPPC18_RS0,Helicobacter_pylori_PeCan18_GCF_000277425.1
EL256_RS06,Helicobacter_pylori_GCF_900638475.1
HPSA20_RS0,Helicobacter_pylori_SouthAfrica20_GCF_000590775.1
AA977_RS07,Helicobacter_pylori_GCF_001653455.1
HPSA_RS053,Helicobacter_pylori_SouthAfrica7_GCF_000185245.1
HAC_RS0080,Helicobacter_acinonychis_str._Sheeba_GCF_000009305.1
C6H27_RS00,Helicobacter_acinonychis_GCF_900198455.1
HCD_RS0077,Helicobacter_cetorum_MIT_99-5656_GCF_000259275.1
HCW_RS0172,Helicobacter_cetorum_MIT_00-7128_GCF_000259255.1
HFELIS_RS0,Helicobacter_felis_ATCC_49179_GCF_000200595.1
BN341_RS05,Helicobacter_heilmannii_ASB1.4_GCF_000319205.1
HBZC1_RS00,Helicobacter_bizzozeronii_CIII-1_GCF_000237285.1
A3217_RS00,Helicobacter_himalayensis_GCF_001602095.1
DCO58_RS07,Helicobacter_saguini_GCF_003546705.1
HMU_RS0054,Helicobacter_mustelae_12198_GCF_000091985.1
DQN48_RS00,Helicobacter_mustelae_GCF_900476215.1
DCO61_RS10,Helicobacter_saguini_GCF_003546725.1
DCO59_RS04,Helicobacter_saguini_GCF_003546745.1
DCO60_RS08,Helicobacter_saguini_GCF_003546685.1
XJ32_RS052,Helicobacter_bilis_GCF_001999985.1
HC081234_R,Helicobacter_cinaedi_GCF_003574195.1
DOM78_RS00,Helicobacter_cinaedi_GCF_003213825.2
HCBAA847_R,Helicobacter_cinaedi_CCUG_18818_=_ATCC_BAA-847_GCF_000349975.1
DOM81_RS00,Helicobacter_cinaedi_GCF_003214155.2
HCN_RS0071,Helicobacter_cinaedi_PAGU611_GCF_000284635.1
C6B36_RS00,Helicobacter_cinaedi_GCF_003130625.1
DOM77_RS00,Helicobacter_cinaedi_GCF_003213725.2
HH_RS04845,Helicobacter_hepaticus_ATCC_51449_GCF_000007905.1
BN2458_RS0,Helicobacter_typhlonius_GCF_001460635.1
EL253_RS03,Helicobacter_cholecystus_GCF_900638485.1
BBW65_RS02,Helicobacter_sp._MIT_01-6242_GCF_001693335.1
EL247_RS00,Helicobacter_pullorum_GCF_900638355.1
HCAN_RS014,Helicobacter_canadensis_MIT_98-5491_GCF_000162575.1
CDV25_RS04,Helicobacter_apodemus_GCF_003097575.1
EL168_RS01,Wolinella_succinogenes_GCF_900637325.1
WS_RS00655,Wolinella_succinogenes_DSM_1740_GCF_000196135.1
B649_r1191,Candidatus_Sulfuricurvum_sp._RIFRC-1_GCA_000310245.1
SULKU_RS03,Sulfuricurvum_kujiense_DSM_16994_GCF_000183725.1
SUDEN_RS02,Sulfurimonas_denitrificans_DSM_1251_GCF_000012965.1
SAUT_RS036,Sulfurimonas_autotrophica_DSM_16294_GCF_000147355.1
SMGD1_RS03,Sulfurimonas_gotlandica_GD1_GCF_000242915.1
C3L23_RS00,Nautilia_profundicola_GCF_004006315.1
NAMH_RS007,Nautilia_profundicola_AmH_GCF_000021725.1
C6V80_RS00,Cetia_pacifica_GCF_005083985.1
FE773_RS00,Caminibacter_mediatlanticus_TB-2_GCF_005843985.1
NIS_RS0215,Nitratiruptor_sp._SB155-2_GCF_000010325.1
